{
  "name": "Rancho",
  "designer": "Sideshow",
  "license": "Apache2",
  "visibility": "External",
  "category": "Handwriting",
  "size": 26735,
  "fonts": [
    {
      "name": "Rancho",
      "style": "normal",
      "weight": 400,
      "filename": "Rancho-Regular.ttf",
      "postScriptName": "Rancho",
      "fullName": "Rancho",
      "copyright": "Copyright (c) 2010 by Font Diner, Inc DBA Sideshow (diner@fontdiner.com). All rights reserved."
    }
  ],
  "subsets": [
    "latin",
    "menu"
  ],
  "dateAdded": "2011-10-12"
}
